{
  "domain": "striated-toolmark",
  "score": 11.0,
  "score_kind": "cmr-1d",
  "likelihood_ratio": 3536.999999999998,
  "log10_lr": 3.5486350598147514,
  "log10_lr_ci_lo": 3.360919741742934,
  "log10_lr_ci_hi": 3.7099522502257876,
  "verbal": "strong support for same source",
  "lr_bound_log10": 3.5486350598147514,
  "reference": {
    "name": "tmaRks screwdriver toolmarks",
    "n_km": 3537,
    "n_knm": 164373,
    "cllr": 0.29184068011321457,
    "cllr_min": 0.28897905474381974,
    "auc": 0.9635631824713695
  },
  "pair": [
    "T01SB-F80-01",
    "T01SB-F80-02"
  ],
  "scope_note": "A precomputed sample \u2014 a real same-tool-edge tmaRks screwdriver comparison, scored with CMR-1D and calibrated on the committed toolmark reference. Not a claim about the error rate of examination, which remains unknown."
}
